本地文件名	文件大小	MD5	原始URL
data/game.bin	1927769	9e4f12dc3f2ae9e5ae4e756886240fcc	https://dlcdn1.cgyouxi.com/shareres/9e/9e4f12dc3f2ae9e5ae4e756886240fcc
font/font.list	33	f7b42775d0444a724a714ea654108573	https://dlcdn1.cgyouxi.com/shareres/f7/f7b42775d0444a724a714ea654108573
font/方正兰亭黑简体$26.xfi	36532	42a8223724cca9f3b078fddb199d87d9	https://dlcdn1.cgyouxi.com/shareres/42/42a8223724cca9f3b078fddb199d87d9
font/方正兰亭黑简体$26$1.png	357848	9ff851e8c84345a3ec7c5e8633ceb302	https://dlcdn1.cgyouxi.com/shareres/9f/9ff851e8c84345a3ec7c5e8633ceb302
font/方正兰亭黑简体$26$2.png	288772	ce7f0220308674fa84e1be9c126c75d3	https://dlcdn1.cgyouxi.com/shareres/ce/ce7f0220308674fa84e1be9c126c75d3
audio/se/click_1.mp3	6018	22fc26a47a71bd9aebdb9193f2c8b04b.mp3	https://dlcdn1.cgyouxi.com/shareres/22/22fc26a47a71bd9aebdb9193f2c8b04b.mp3
audio/se/move_1.mp3	8392	86594d33818547db0813f15f3c83aaca.mp3	https://dlcdn1.cgyouxi.com/shareres/86/86594d33818547db0813f15f3c83aaca.mp3
audio/se/error_1.mp3	11037	79e283745c1e30f15f8cce79f935cd44.mp3	https://dlcdn1.cgyouxi.com/shareres/79/79e283745c1e30f15f8cce79f935cd44.mp3
audio/se/warning_1.mp3	3305	535b34dd39e2965cda7c576d0e7f066f.mp3	https://dlcdn1.cgyouxi.com/shareres/53/535b34dd39e2965cda7c576d0e7f066f.mp3
graphics/background/title_new.jpg	85993	f4c98e1221039e9d351708ff39512ae4	https://dlcdn1.cgyouxi.com/shareres/f4/f4c98e1221039e9d351708ff39512ae4
audio/bgm/dancetothedeath.mp3	2113459	c46453bd7b2ce73c53b3a473d7f9664d.mp3	https://dlcdn1.cgyouxi.com/shareres/c4/c46453bd7b2ce73c53b3a473d7f9664d.mp3
graphics/ui/gamemenu.png	27360	4dd4230cc73ae2524e1d4cdee7f7d1e2	https://dlcdn1.cgyouxi.com/shareres/4d/4dd4230cc73ae2524e1d4cdee7f7d1e2
graphics/ui/save.png	81206	1cf6771ef5d4b657299fe40daaa4eb6c	https://dlcdn1.cgyouxi.com/shareres/1c/1cf6771ef5d4b657299fe40daaa4eb6c
graphics/ui/palyback.png	243841	edda33a08d55207f4a8f568b4974a575	https://dlcdn1.cgyouxi.com/shareres/ed/edda33a08d55207f4a8f568b4974a575
graphics/ui/messageback.png	101059	f8708510607658dd250db5d734cd7834	https://dlcdn1.cgyouxi.com/shareres/f8/f8708510607658dd250db5d734cd7834
graphics/ui/nameback.png	8632	9a949a15076811daae51f4762ad6f90a	https://dlcdn1.cgyouxi.com/shareres/9a/9a949a15076811daae51f4762ad6f90a
graphics/ui/option.png	260807	f3754048ae4ba32859ef20b3214db119	https://dlcdn1.cgyouxi.com/shareres/f3/f3754048ae4ba32859ef20b3214db119
graphics/ui/bar_1.png	6097	707a7ec21d1acd149d2a74988ea0920c	https://dlcdn1.cgyouxi.com/shareres/70/707a7ec21d1acd149d2a74988ea0920c
graphics/ui/bar_2.png	5534	f73a5bd2d4476726bc94bc86389c3f8a	https://dlcdn1.cgyouxi.com/shareres/f7/f73a5bd2d4476726bc94bc86389c3f8a
graphics/button/t_start_1.png	5843	bea3f687322fae82b6dc7fd8e3065bf6	https://dlcdn1.cgyouxi.com/shareres/be/bea3f687322fae82b6dc7fd8e3065bf6
graphics/button/t_start_2.png	28235	b5f2fa90624cc9071ba79b40d4055d10	https://dlcdn1.cgyouxi.com/shareres/b5/b5f2fa90624cc9071ba79b40d4055d10
graphics/button/t_read_1.png	6268	dcd096181caa992400007d9116975bf8	https://dlcdn1.cgyouxi.com/shareres/dc/dcd096181caa992400007d9116975bf8
graphics/button/t_read_2.png	28611	9c62bbfacba7c49ee65487e9159c3a2d	https://dlcdn1.cgyouxi.com/shareres/9c/9c62bbfacba7c49ee65487e9159c3a2d
graphics/button/t_cg_1.png	9508	c24f3ba33e50faaba47dba580ae73a6a	https://dlcdn1.cgyouxi.com/shareres/c2/c24f3ba33e50faaba47dba580ae73a6a
graphics/button/t_cg_2.png	9509	88668417af6a79846816feac79a2b9cc	https://dlcdn1.cgyouxi.com/shareres/88/88668417af6a79846816feac79a2b9cc
graphics/button/t_bgm_1.png	9117	37eff6e262128e36c5f76cac22b7e419	https://dlcdn1.cgyouxi.com/shareres/37/37eff6e262128e36c5f76cac22b7e419
graphics/button/t_bgm_2.png	10073	58064c516edb2f4d4527c30c6f09de7c	https://dlcdn1.cgyouxi.com/shareres/58/58064c516edb2f4d4527c30c6f09de7c
graphics/button/t_option_1.png	9223	90a3b47837283f6d568f197fe6adec7b	https://dlcdn1.cgyouxi.com/shareres/90/90a3b47837283f6d568f197fe6adec7b
graphics/button/t_option_2.png	9842	dc0a8f7b3823bf6ee490b80a305a88f1	https://dlcdn1.cgyouxi.com/shareres/dc/dc0a8f7b3823bf6ee490b80a305a88f1
graphics/button/t_exit_1.png	9593	77af105f9ae170f9250200b1c7dacec7	https://dlcdn1.cgyouxi.com/shareres/77/77af105f9ae170f9250200b1c7dacec7
graphics/button/t_exit_2.png	11285	65c56b32b58d7bd3e8b4baf60a25af96	https://dlcdn1.cgyouxi.com/shareres/65/65c56b32b58d7bd3e8b4baf60a25af96
graphics/button/b1x.png	7489	9c0f658145c188965c81dd72916f55c9	https://dlcdn1.cgyouxi.com/shareres/9c/9c0f658145c188965c81dd72916f55c9
graphics/button/b1.png	6299	d6592284fa4b4bb1b2e1d24ce8080770	https://dlcdn1.cgyouxi.com/shareres/d6/d6592284fa4b4bb1b2e1d24ce8080770
graphics/button/b2x.png	7591	1d9b6467a8082873b6513bdbe1de1708	https://dlcdn1.cgyouxi.com/shareres/1d/1d9b6467a8082873b6513bdbe1de1708
graphics/button/b2.png	6485	ba0b41765180b47926082ee36ff397d5	https://dlcdn1.cgyouxi.com/shareres/ba/ba0b41765180b47926082ee36ff397d5
graphics/button/b3x.png	7124	165fc132101d041f322e55c7417c6d84	https://dlcdn1.cgyouxi.com/shareres/16/165fc132101d041f322e55c7417c6d84
graphics/button/b3.png	6050	25c2c609ade08c5d66dbcb33738c1272	https://dlcdn1.cgyouxi.com/shareres/25/25c2c609ade08c5d66dbcb33738c1272
graphics/button/b4x.png	6993	6a6e3bc34d2d1369f790acec3e2d2597	https://dlcdn1.cgyouxi.com/shareres/6a/6a6e3bc34d2d1369f790acec3e2d2597
graphics/button/b4.png	5985	fc63bcfeeb7f5278a86b386ab5bd7dd8	https://dlcdn1.cgyouxi.com/shareres/fc/fc63bcfeeb7f5278a86b386ab5bd7dd8
graphics/button/close_2.png	8295	a75059d29ff0cc637d06be69c2ca85e0	https://dlcdn1.cgyouxi.com/shareres/a7/a75059d29ff0cc637d06be69c2ca85e0
graphics/button/close_1.png	8430	34a377c579d3f786e2eee871a8e6950f	https://dlcdn1.cgyouxi.com/shareres/34/34a377c579d3f786e2eee871a8e6950f
graphics/button/talkdiv.png	16561	618876c5be7bf31052982e67a154e81e	https://dlcdn1.cgyouxi.com/shareres/61/618876c5be7bf31052982e67a154e81e
graphics/button/talkdiv_2.png	14365	9377bf5a4f0c7ec11c56bc3e293594a0	https://dlcdn1.cgyouxi.com/shareres/93/9377bf5a4f0c7ec11c56bc3e293594a0
graphics/button/return_2.png	13432	811f40b1924088a688cc552794d83c98	https://dlcdn1.cgyouxi.com/shareres/81/811f40b1924088a688cc552794d83c98
graphics/button/on_1.png	10136	2509f8f4111d21c8867a2bb2e1e3b3af	https://dlcdn1.cgyouxi.com/shareres/25/2509f8f4111d21c8867a2bb2e1e3b3af
graphics/button/on_2.png	10287	302993b208eb42d7f7fb6dc9ac25e4ac	https://dlcdn1.cgyouxi.com/shareres/30/302993b208eb42d7f7fb6dc9ac25e4ac
graphics/button/off_1.png	9844	7b74ee1cd1b6f25817a7ec53a48ba5e3	https://dlcdn1.cgyouxi.com/shareres/7b/7b74ee1cd1b6f25817a7ec53a48ba5e3
graphics/button/off_2.png	10023	34e8b598db846a929048b53e7b37c08a	https://dlcdn1.cgyouxi.com/shareres/34/34e8b598db846a929048b53e7b37c08a
graphics/button/fullscreen_1.png	10725	cc763c4c4f9a0b9a1b144b6692422b4e	https://dlcdn1.cgyouxi.com/shareres/cc/cc763c4c4f9a0b9a1b144b6692422b4e
graphics/button/fullscreen_2.png	10868	9298e573fe6df209b042e6517a75cab1	https://dlcdn1.cgyouxi.com/shareres/92/9298e573fe6df209b042e6517a75cab1
graphics/button/win_1.png	10139	bfa3ce28aaa559f9a7637c8da312ceae	https://dlcdn1.cgyouxi.com/shareres/bf/bfa3ce28aaa559f9a7637c8da312ceae
graphics/button/win_2.png	10313	bb50b0cc06e3d3cd144ef2410bd60cc9	https://dlcdn1.cgyouxi.com/shareres/bb/bb50b0cc06e3d3cd144ef2410bd60cc9
graphics/button/file_1.png	44152	b946d1278afdde50ef6e4f762550a7a5	https://dlcdn1.cgyouxi.com/shareres/b9/b946d1278afdde50ef6e4f762550a7a5
graphics/button/file_2.png	36418	ce6785916deb1aeb91d6c163a51cd349	https://dlcdn1.cgyouxi.com/shareres/ce/ce6785916deb1aeb91d6c163a51cd349
graphics/button/bgm_button_1.png	16022	c6046d4c963b3739ad068769d5a2d6e9	https://dlcdn1.cgyouxi.com/shareres/c6/c6046d4c963b3739ad068769d5a2d6e9
graphics/button/bgm_button_2.png	14088	64f3d1c3450e4f6147dffe2a3ca7ca8c	https://dlcdn1.cgyouxi.com/shareres/64/64f3d1c3450e4f6147dffe2a3ca7ca8c
graphics/button/sys_save_2.png	20132	f93521c55ecbe3a8bead58b50d017fb8	https://dlcdn1.cgyouxi.com/shareres/f9/f93521c55ecbe3a8bead58b50d017fb8
graphics/button/sys_save_1.png	18569	4e6063eccd65764ee2d3978443bbc225	https://dlcdn1.cgyouxi.com/shareres/4e/4e6063eccd65764ee2d3978443bbc225
graphics/button/sys_read_old_2.png	19170	4c20f5c4ba32f70b4ed33dc475a442b4	https://dlcdn1.cgyouxi.com/shareres/4c/4c20f5c4ba32f70b4ed33dc475a442b4
graphics/button/sys_read_old_1.png	18753	8f1f6dfff65b0c9195b6b327e09c8173	https://dlcdn1.cgyouxi.com/shareres/8f/8f1f6dfff65b0c9195b6b327e09c8173
graphics/button/sys_replay_2.png	19056	b929a84579c6b7d3e9141247f3437506	https://dlcdn1.cgyouxi.com/shareres/b9/b929a84579c6b7d3e9141247f3437506
graphics/button/sys_replay_1.png	17642	0beedd9aaa2a4906e2521947e278b2cf	https://dlcdn1.cgyouxi.com/shareres/0b/0beedd9aaa2a4906e2521947e278b2cf
graphics/button/sys_auto_2.png	18994	e3f9c771dbde35d7272f1748fcfa07ec	https://dlcdn1.cgyouxi.com/shareres/e3/e3f9c771dbde35d7272f1748fcfa07ec
graphics/button/sys_auto_1.png	17961	7bfb66a9b2a7e75a3bbdbf459ad96489	https://dlcdn1.cgyouxi.com/shareres/7b/7bfb66a9b2a7e75a3bbdbf459ad96489
graphics/button/sys_set_2.png	20343	1606be2f8d67cfaa0b6c13c8fee9f6de	https://dlcdn1.cgyouxi.com/shareres/16/1606be2f8d67cfaa0b6c13c8fee9f6de
graphics/button/sys_set_1.png	18978	5c1af29d2df377d523d22868ab266d32	https://dlcdn1.cgyouxi.com/shareres/5c/5c1af29d2df377d523d22868ab266d32
graphics/button/sys_return_2.png	20043	b769a5b3f7019283f4c06c6c84b454e9	https://dlcdn1.cgyouxi.com/shareres/b7/b769a5b3f7019283f4c06c6c84b454e9
graphics/button/sys_return_1.png	18556	5fd7d81e637b0e77acfb17fc268458e5	https://dlcdn1.cgyouxi.com/shareres/5f/5fd7d81e637b0e77acfb17fc268458e5
graphics/button/游戏开始.png	23613	906233e63ba1bc7d1e8b2eab06a26fa1	https://dlcdn1.cgyouxi.com/shareres/90/906233e63ba1bc7d1e8b2eab06a26fa1
graphics/button/游戏开始1.png	22331	e069a00375881ddd5b3456601f8f2da7	https://dlcdn1.cgyouxi.com/shareres/e0/e069a00375881ddd5b3456601f8f2da7
graphics/button/读取进度.png	23336	fed812248b7651e2486dbce469e68012	https://dlcdn1.cgyouxi.com/shareres/fe/fed812248b7651e2486dbce469e68012
graphics/button/读取进度1.png	22418	d72c0530c0ab2b4190233082ea21d14e	https://dlcdn1.cgyouxi.com/shareres/d7/d72c0530c0ab2b4190233082ea21d14e
graphics/button/游戏设置.png	22907	7dac71792975e5da0faa998120710b4b	https://dlcdn1.cgyouxi.com/shareres/7d/7dac71792975e5da0faa998120710b4b
graphics/button/游戏设置1.png	22442	4b0e7019186a65a9996092cb6679cb18	https://dlcdn1.cgyouxi.com/shareres/4b/4b0e7019186a65a9996092cb6679cb18
graphics/button/游戏结束.png	23525	d7d503ae0f0e019874c89194c9a65d9f	https://dlcdn1.cgyouxi.com/shareres/d7/d7d503ae0f0e019874c89194c9a65d9f
graphics/button/游戏结束1.png	22505	a15d01da64176a7407f5232d115fd175	https://dlcdn1.cgyouxi.com/shareres/a1/a15d01da64176a7407f5232d115fd175
graphics/button/香皂.png	23666	dae29c352d35c04e99979a0a47892fc7	https://dlcdn1.cgyouxi.com/shareres/da/dae29c352d35c04e99979a0a47892fc7
graphics/button/香皂f.png	21241	eaf4814158ea59766dc86090755b0cc0	https://dlcdn1.cgyouxi.com/shareres/ea/eaf4814158ea59766dc86090755b0cc0
graphics/button/箱柜.png	34175	3d99fe0119edae5ad51f5465d8b9340a	https://dlcdn1.cgyouxi.com/shareres/3d/3d99fe0119edae5ad51f5465d8b9340a
graphics/button/箱柜f.png	31130	2759508a258b8e0f7c154eab47c3abcd	https://dlcdn1.cgyouxi.com/shareres/27/2759508a258b8e0f7c154eab47c3abcd
graphics/button/窗1.png	63101	e6ce438f0ed2ed50264dc4c0146f6f89	https://dlcdn1.cgyouxi.com/shareres/e6/e6ce438f0ed2ed50264dc4c0146f6f89
graphics/button/窗1f.png	95010	0b6687f215cb44da934f9e726f15645e	https://dlcdn1.cgyouxi.com/shareres/0b/0b6687f215cb44da934f9e726f15645e
graphics/button/画像.png	13660	bea13b60fffda4f2ae1d3185bd1912a3	https://dlcdn1.cgyouxi.com/shareres/be/bea13b60fffda4f2ae1d3185bd1912a3
graphics/button/画像f.png	12044	4b1a53f3a184d4dcd84d857f4dc2e8b9	https://dlcdn1.cgyouxi.com/shareres/4b/4b1a53f3a184d4dcd84d857f4dc2e8b9
graphics/button/沙发.png	41668	c2a6deb795dddf7ef7015ac77d5b62c7	https://dlcdn1.cgyouxi.com/shareres/c2/c2a6deb795dddf7ef7015ac77d5b62c7
graphics/button/沙发f.png	41431	62812f3c70d64a3b328f6007ee747e88	https://dlcdn1.cgyouxi.com/shareres/62/62812f3c70d64a3b328f6007ee747e88
graphics/button/桌子.png	63354	945821e38f74b3eaccc5f52a9a1139e2	https://dlcdn1.cgyouxi.com/shareres/94/945821e38f74b3eaccc5f52a9a1139e2
graphics/button/桌子f.png	59058	6a12f6428cd10b8a2930e9680177a846	https://dlcdn1.cgyouxi.com/shareres/6a/6a12f6428cd10b8a2930e9680177a846
graphics/button/安四贤家_最后.png	349866	98e53c4c1fd066c4a1713b114a704eb4	https://dlcdn1.cgyouxi.com/shareres/98/98e53c4c1fd066c4a1713b114a704eb4
graphics/button/椅子.png	53819	82c2ce060cecb43ac80c7b6bb5b7a805	https://dlcdn1.cgyouxi.com/shareres/82/82c2ce060cecb43ac80c7b6bb5b7a805
graphics/button/椅子f.png	52760	a41fb93d05bb5640bb662c49c7e9e9f4	https://dlcdn1.cgyouxi.com/shareres/a4/a41fb93d05bb5640bb662c49c7e9e9f4
graphics/button/窗2.png	54521	c7870aa33925b7b31c7931bdd1433192	https://dlcdn1.cgyouxi.com/shareres/c7/c7870aa33925b7b31c7931bdd1433192
graphics/button/窗2f.png	52320	d4b655027aecfeffee2e7c7bdf79facf	https://dlcdn1.cgyouxi.com/shareres/d4/d4b655027aecfeffee2e7c7bdf79facf
graphics/button/窗3.png	61534	57f1f3f7eb356d2b5a137b01855e0749	https://dlcdn1.cgyouxi.com/shareres/57/57f1f3f7eb356d2b5a137b01855e0749
graphics/button/窗3f.png	69098	7dcbf8f71c25d71d9006178c1e8a6b34	https://dlcdn1.cgyouxi.com/shareres/7d/7dcbf8f71c25d71d9006178c1e8a6b34
graphics/button/窗4.png	59347	0de2ca4e71fabcce20ae8b188302d4ad	https://dlcdn1.cgyouxi.com/shareres/0d/0de2ca4e71fabcce20ae8b188302d4ad
graphics/button/窗4f.png	64875	cd67ea863cb3e135b60ee93c51f80445	https://dlcdn1.cgyouxi.com/shareres/cd/cd67ea863cb3e135b60ee93c51f80445
graphics/button/沙发桌子.png	70809	addbc3186f4b28aa7ce35a171880e033	https://dlcdn1.cgyouxi.com/shareres/ad/addbc3186f4b28aa7ce35a171880e033
graphics/button/沙发桌子f.png	66577	fdba547f4c0646ad7a4431d30395ead2	https://dlcdn1.cgyouxi.com/shareres/fd/fdba547f4c0646ad7a4431d30395ead2
graphics/button/推理2.png	10800	88630ca81abc4e798f5c828c62b6a165	https://dlcdn1.cgyouxi.com/shareres/88/88630ca81abc4e798f5c828c62b6a165
graphics/button/推理1.png	10790	4c9f99bc5690c28796ca0b268547d970	https://dlcdn1.cgyouxi.com/shareres/4c/4c9f99bc5690c28796ca0b268547d970
graphics/background/轮船1.jpg	78484	cdbb8945026cdbccc31a255dd6526294	https://dlcdn1.cgyouxi.com/shareres/cd/cdbb8945026cdbccc31a255dd6526294
graphics/background/游行的回忆1.png	432991	d2f4f09bc971eafa2ae73db2e99dd326	https://dlcdn1.cgyouxi.com/shareres/d2/d2f4f09bc971eafa2ae73db2e99dd326
graphics/background/黑屏.png	208	1989b61c70009a42ad0bc1abada48223	https://dlcdn1.cgyouxi.com/shareres/19/1989b61c70009a42ad0bc1abada48223
graphics/half/序章.png	8956	17f0a95d3eb5eb3d24147b1dbac5bcba	https://dlcdn1.cgyouxi.com/shareres/17/17f0a95d3eb5eb3d24147b1dbac5bcba
audio/bgm/陰鬱な屋敷.mp3	803821	e9f9ab80bdef05061abd836bff76f2d2.mp3	https://dlcdn1.cgyouxi.com/shareres/e9/e9f9ab80bdef05061abd836bff76f2d2.mp3
graphics/background/旧上海滩.jpg	235347	edc036b6a7523577c125fd0b7018728b	https://dlcdn1.cgyouxi.com/shareres/ed/edc036b6a7523577c125fd0b7018728b
graphics/background/书房1.jpg	120227	41259dfe65931c385029a4036e649b69	https://dlcdn1.cgyouxi.com/shareres/41/41259dfe65931c385029a4036e649b69
graphics/half/薛老师.png	82694	bf4d50794c0bd3bf8911cccf4e53789c	https://dlcdn1.cgyouxi.com/shareres/bf/bf4d50794c0bd3bf8911cccf4e53789c
graphics/half/黄正义.png	50777	e85c96178490bc11e9e0cfb971edcd23	https://dlcdn1.cgyouxi.com/shareres/e8/e85c96178490bc11e9e0cfb971edcd23
graphics/half/薛梅_心酸.png	54044	ec0dfa384341e2dd611589ad71296865	https://dlcdn1.cgyouxi.com/shareres/ec/ec0dfa384341e2dd611589ad71296865
graphics/half/张爱民.png	82500	d78ee1cbbfca0fb4844c36eaf54d2890	https://dlcdn1.cgyouxi.com/shareres/d7/d78ee1cbbfca0fb4844c36eaf54d2890
audio/se/环境-拍桌子.mp3	8352	88f7fdcb424c8b4f5bb3924f2c2bf6cc.mp3	https://dlcdn1.cgyouxi.com/shareres/88/88f7fdcb424c8b4f5bb3924f2c2bf6cc.mp3
graphics/background/上海夜景2.jpg	98886	4353dd9130744223c45eaaca703b14cf	https://dlcdn1.cgyouxi.com/shareres/43/4353dd9130744223c45eaaca703b14cf
audio/bgm/夜的钢琴曲.mp3	1066463	b21335b6240e2f29a0f41b116d14b41b.mp3	https://dlcdn1.cgyouxi.com/shareres/b2/b21335b6240e2f29a0f41b116d14b41b.mp3
graphics/half/薛梅_悲伤.png	55263	cf0ff1b962ddefd8f25365b6c9a5ebf9	https://dlcdn1.cgyouxi.com/shareres/cf/cf0ff1b962ddefd8f25365b6c9a5ebf9
graphics/half/薛梅笑.png	56518	34402bf829ea5e425d781226398ec214	https://dlcdn1.cgyouxi.com/shareres/34/34402bf829ea5e425d781226398ec214
graphics/background/学校外景.jpg	117997	0a9cd7861475455e48bd3da31b6a6242	https://dlcdn1.cgyouxi.com/shareres/0a/0a9cd7861475455e48bd3da31b6a6242
graphics/half/忆薛梅.png	55680	4907727ee1ffca49bfec86fc665b7533	https://dlcdn1.cgyouxi.com/shareres/49/4907727ee1ffca49bfec86fc665b7533
graphics/background/教堂书店.png	369059	5768458718d52d34cc9b30727f921ceb	https://dlcdn1.cgyouxi.com/shareres/57/5768458718d52d34cc9b30727f921ceb
graphics/half/刘先生.png	71603	219b4fe3e8c07a15dbfa15a120836224	https://dlcdn1.cgyouxi.com/shareres/21/219b4fe3e8c07a15dbfa15a120836224
audio/bgm/here we are again(喜剧之王).mp3	1444753	5516d65cc6c53bc123b768d04d6938ec.mp3	https://dlcdn1.cgyouxi.com/shareres/55/5516d65cc6c53bc123b768d04d6938ec.mp3
graphics/background/密室.jpg	36970	f43c70c2a05759f722f4ba684378c98b	https://dlcdn1.cgyouxi.com/shareres/f4/f43c70c2a05759f722f4ba684378c98b
graphics/half/第一章.png	10382	6a6e399a2aeb105e6efb7d9645bb9d97	https://dlcdn1.cgyouxi.com/shareres/6a/6a6e399a2aeb105e6efb7d9645bb9d97
graphics/background/走廊.jpg	94419	1d43c3b857dd56ff0dad3d428b8fd9b7	https://dlcdn1.cgyouxi.com/shareres/1d/1d43c3b857dd56ff0dad3d428b8fd9b7
graphics/half/冈山雄二.png	82096	e97af645cc11c3688c467271672978b3	https://dlcdn1.cgyouxi.com/shareres/e9/e97af645cc11c3688c467271672978b3
graphics/background/荒野.jpg	189169	c9b25cd41825c482a8c865985bdd90bf	https://dlcdn1.cgyouxi.com/shareres/c9/c9b25cd41825c482a8c865985bdd90bf
graphics/background/日式餐桌.jpg	97989	5d527a6d6dc5972eeb259a2791cdf0d7	https://dlcdn1.cgyouxi.com/shareres/5d/5d527a6d6dc5972eeb259a2791cdf0d7
graphics/half/冈山爱_低头.png	75662	3324860ef3527bcbf9a9ccd5c9ff476a	https://dlcdn1.cgyouxi.com/shareres/33/3324860ef3527bcbf9a9ccd5c9ff476a
graphics/half/冈山爱.png	75662	3324860ef3527bcbf9a9ccd5c9ff476a	https://dlcdn1.cgyouxi.com/shareres/33/3324860ef3527bcbf9a9ccd5c9ff476a
graphics/background/上海夜景.jpg	90417	15b29685a1ae0e58ca7e2c3a817393e4	https://dlcdn1.cgyouxi.com/shareres/15/15b29685a1ae0e58ca7e2c3a817393e4
audio/se/扇耳光.mp3	5353	2ca93c40cb2fee9074d5f4f24f3c1bd5.mp3	https://dlcdn1.cgyouxi.com/shareres/2c/2ca93c40cb2fee9074d5f4f24f3c1bd5.mp3
audio/bgm/推理1.mp3	779808	8a0f49417b62a9387a1619c42719e003.mp3	https://dlcdn1.cgyouxi.com/shareres/8a/8a0f49417b62a9387a1619c42719e003.mp3
graphics/background/夜晚日本部队.jpg	96149	9d501b4cae9e9a3de6bf25807e488f13	https://dlcdn1.cgyouxi.com/shareres/9d/9d501b4cae9e9a3de6bf25807e488f13
graphics/half/李忠国.png	46311	365940ca73486aee094f06753fe7bf03	https://dlcdn1.cgyouxi.com/shareres/36/365940ca73486aee094f06753fe7bf03
audio/se/sword_被打了.mp3	7398	6c395ea033d55d925d8d2fa8bee77269.mp3	https://dlcdn1.cgyouxi.com/shareres/6c/6c395ea033d55d925d8d2fa8bee77269.mp3
audio/se/手枪.mp3	18485	8469874e6af00fff1b02cba7fa8bf807.mp3	https://dlcdn1.cgyouxi.com/shareres/84/8469874e6af00fff1b02cba7fa8bf807.mp3
audio/se/美女尖叫.mp3	84394	71ef7f21c9f3f09cb6ea1a30def08c2d.mp3	https://dlcdn1.cgyouxi.com/shareres/71/71ef7f21c9f3f09cb6ea1a30def08c2d.mp3
audio/bgm/推理.mp3	548838	8e496112ed4005cbdbb005b877cba16a.mp3	https://dlcdn1.cgyouxi.com/shareres/8e/8e496112ed4005cbdbb005b877cba16a.mp3
graphics/background/日军监狱.jpg	47031	4c9e860b587227b5919bf31f3525669a	https://dlcdn1.cgyouxi.com/shareres/4c/4c9e860b587227b5919bf31f3525669a
graphics/half/受刑女子.png	77120	d22ecd2a0a1e8cb622c7c4ff8bfa8ad6	https://dlcdn1.cgyouxi.com/shareres/d2/d22ecd2a0a1e8cb622c7c4ff8bfa8ad6
graphics/half/黑屏.png	208	1989b61c70009a42ad0bc1abada48223	https://dlcdn1.cgyouxi.com/shareres/19/1989b61c70009a42ad0bc1abada48223
graphics/background/过渡.png	2500	d6c4504bceee92db693ed5061df12994	https://dlcdn1.cgyouxi.com/shareres/d6/d6c4504bceee92db693ed5061df12994
audio/bgs/sword_被打了.mp3	7398	6c395ea033d55d925d8d2fa8bee77269.mp3	https://dlcdn1.cgyouxi.com/shareres/6c/6c395ea033d55d925d8d2fa8bee77269.mp3
graphics/background/无人夜景.jpg	164141	4c2626d421ee2c487b4c662fcc8226bb	https://dlcdn1.cgyouxi.com/shareres/4c/4c2626d421ee2c487b4c662fcc8226bb
graphics/half/背影.png	12372	bd720f16565574201624d53bdab8688d	https://dlcdn1.cgyouxi.com/shareres/bd/bd720f16565574201624d53bdab8688d
graphics/half/1939_1.png	3681	abd17a7836b025978a2a3231e62a18fb	https://dlcdn1.cgyouxi.com/shareres/ab/abd17a7836b025978a2a3231e62a18fb
graphics/half/1939-2.png	1531	640fc3bfb80b179b28c7d99a48c0fe2f	https://dlcdn1.cgyouxi.com/shareres/64/640fc3bfb80b179b28c7d99a48c0fe2f
graphics/half/1939-3.png	3253	e06234d88da9159f81b5fdf023d7a3e2	https://dlcdn1.cgyouxi.com/shareres/e0/e06234d88da9159f81b5fdf023d7a3e2
graphics/half/1939-4.png	5643	e576e6552a48115eb05cf55c2cbeb472	https://dlcdn1.cgyouxi.com/shareres/e5/e576e6552a48115eb05cf55c2cbeb472
graphics/half/1939-5.png	5764	db166ba3250084c3f95004bfe01024bf	https://dlcdn1.cgyouxi.com/shareres/db/db166ba3250084c3f95004bfe01024bf
graphics/half/1939-6.png	7124	46eb3af5a26f2faf33f7c8862db0a511	https://dlcdn1.cgyouxi.com/shareres/46/46eb3af5a26f2faf33f7c8862db0a511
graphics/half/1939-7.png	1422	685dfb8deabf236f155b593703cb00d5	https://dlcdn1.cgyouxi.com/shareres/68/685dfb8deabf236f155b593703cb00d5
graphics/half/1939-8.png	2682	becb821a910ae3886e3a7126945c71bf	https://dlcdn1.cgyouxi.com/shareres/be/becb821a910ae3886e3a7126945c71bf
graphics/half/1939-9.png	3193	6df6e466f1aec2da55481a489dc99b7f	https://dlcdn1.cgyouxi.com/shareres/6d/6df6e466f1aec2da55481a489dc99b7f
graphics/half/1939-10.png	4118	b7bbde39a38a69b993f50db997ce57a8	https://dlcdn1.cgyouxi.com/shareres/b7/b7bbde39a38a69b993f50db997ce57a8
graphics/half/第二章.png	11089	91f609fd7599bdd5e5bc6ff5f7938c75	https://dlcdn1.cgyouxi.com/shareres/91/91f609fd7599bdd5e5bc6ff5f7938c75
graphics/background/火车站.jpg	104381	ab7a44e131f7bba5d8c9e725f2a340fd	https://dlcdn1.cgyouxi.com/shareres/ab/ab7a44e131f7bba5d8c9e725f2a340fd
graphics/half/李岸平常.png	31915	fcedceaeab49d667c2a61e37d2235704	https://dlcdn1.cgyouxi.com/shareres/fc/fcedceaeab49d667c2a61e37d2235704
graphics/half/金忠祥.png	63084	07fef7c1ac76bd0072be50e8990196b7	https://dlcdn1.cgyouxi.com/shareres/07/07fef7c1ac76bd0072be50e8990196b7
graphics/half/毛戴.png	58071	5a4bd2ebfaba26f7be0b93f674a87a27	https://dlcdn1.cgyouxi.com/shareres/5a/5a4bd2ebfaba26f7be0b93f674a87a27
graphics/half/张晓梦.png	49593	a66e00ccffb181f93200cf2f11cd581b	https://dlcdn1.cgyouxi.com/shareres/a6/a66e00ccffb181f93200cf2f11cd581b
graphics/half/郑君如.png	50063	96e0b591327adf3dd91126ee8e860ca7	https://dlcdn1.cgyouxi.com/shareres/96/96e0b591327adf3dd91126ee8e860ca7
graphics/background/饭店.jpg	70136	659995afebab9b430d37ce814e210cf3	https://dlcdn1.cgyouxi.com/shareres/65/659995afebab9b430d37ce814e210cf3
graphics/background/华丽走廊.jpg	89950	b0a47c9065e039a112c76923f81bb59b	https://dlcdn1.cgyouxi.com/shareres/b0/b0a47c9065e039a112c76923f81bb59b
audio/se/footsteps-wooden-stairs-up-02.mp3	55504	b29275cf7586d8dbefec4fd7052ceb86.mp3	https://dlcdn1.cgyouxi.com/shareres/b2/b29275cf7586d8dbefec4fd7052ceb86.mp3
audio/se/swing12.mp3	7020	680e8c35095e5a47db19f853d64aed79.mp3	https://dlcdn1.cgyouxi.com/shareres/68/680e8c35095e5a47db19f853d64aed79.mp3
graphics/half/李岸思考.png	31150	9ba4887ec53e9406bc4d25c34da40e91	https://dlcdn1.cgyouxi.com/shareres/9b/9ba4887ec53e9406bc4d25c34da40e91
graphics/half/第三章.png	11587	75f11a1f9d7f90ef002ddce523a9c820	https://dlcdn1.cgyouxi.com/shareres/75/75f11a1f9d7f90ef002ddce523a9c820
graphics/background/珍珠港.jpg	70690	4514ee9ab7a04bd89262d876e6b2d44f	https://dlcdn1.cgyouxi.com/shareres/45/4514ee9ab7a04bd89262d876e6b2d44f
audio/se/flight.mp3	83050	51bc32456f2bf3378bedd4cefb407cfc.mp3	https://dlcdn1.cgyouxi.com/shareres/51/51bc32456f2bf3378bedd4cefb407cfc.mp3
graphics/background/深夜街道.jpg	52218	628d3f143bb4530cf7536891707112b5	https://dlcdn1.cgyouxi.com/shareres/62/628d3f143bb4530cf7536891707112b5
audio/se/swing11.mp3	7788	15166aaba461c8433c2810784d0ab74d.mp3	https://dlcdn1.cgyouxi.com/shareres/15/15166aaba461c8433c2810784d0ab74d.mp3
graphics/half/刘清善.png	132354	cbbb6292d0385b21b3651384b27b61be	https://dlcdn1.cgyouxi.com/shareres/cb/cbbb6292d0385b21b3651384b27b61be
graphics/half/第四章.png	12523	336475046749ebfc126ce1659c37ae92	https://dlcdn1.cgyouxi.com/shareres/33/336475046749ebfc126ce1659c37ae92
graphics/background/上海白天.jpg	74957	a204880d70239f148b3057d6caa7a631	https://dlcdn1.cgyouxi.com/shareres/a2/a204880d70239f148b3057d6caa7a631
audio/bgm/gymnopedie no 1.mp3	1550940	6486664344cb01d1d54ef2556c4b8a73.mp3	https://dlcdn1.cgyouxi.com/shareres/64/6486664344cb01d1d54ef2556c4b8a73.mp3
graphics/background/东荣通讯社.jpg	122768	faaa2c0bd5427d05fb1a6d4bc9cd827b	https://dlcdn1.cgyouxi.com/shareres/fa/faaa2c0bd5427d05fb1a6d4bc9cd827b
graphics/half/汪维涛.png	68669	f7b0965c34224c0229f5e3f77bc7c8da	https://dlcdn1.cgyouxi.com/shareres/f7/f7b0965c34224c0229f5e3f77bc7c8da
graphics/half/野田敏明.png	55446	e78240c62e06067b74b34305124bbe89	https://dlcdn1.cgyouxi.com/shareres/e7/e78240c62e06067b74b34305124bbe89
audio/bgs/揍人惨叫.mp3	168480	76a75d551dec564e3517b83622bd5a90.mp3	https://dlcdn1.cgyouxi.com/shareres/76/76a75d551dec564e3517b83622bd5a90.mp3
audio/bgm/舞会.mp3	498138	306d9486f18603da3cd1d93faf6e22a4.mp3	https://dlcdn1.cgyouxi.com/shareres/30/306d9486f18603da3cd1d93faf6e22a4.mp3
graphics/background/平静夜空.jpg	33680	eefa9942d5135707ecc018fffda05e71	https://dlcdn1.cgyouxi.com/shareres/ee/eefa9942d5135707ecc018fffda05e71
graphics/half/陆梦茵_新.png	52207	0c0fb1b32fa5359a6bc984f3c51eae4e	https://dlcdn1.cgyouxi.com/shareres/0c/0c0fb1b32fa5359a6bc984f3c51eae4e
graphics/half/过渡.png	2500	d6c4504bceee92db693ed5061df12994	https://dlcdn1.cgyouxi.com/shareres/d6/d6c4504bceee92db693ed5061df12994
graphics/half/烟火初现.png	71186	b5573097d00e1312707ddafe71666ac1	https://dlcdn1.cgyouxi.com/shareres/b5/b5573097d00e1312707ddafe71666ac1
graphics/half/烟火消散.png	49038	56a52be559c87cf3d5dfed7feaba8c34	https://dlcdn1.cgyouxi.com/shareres/56/56a52be559c87cf3d5dfed7feaba8c34
graphics/half/第六章.png	11714	0a857a54f162a67dcbc537245603b4b8	https://dlcdn1.cgyouxi.com/shareres/0a/0a857a54f162a67dcbc537245603b4b8
graphics/background/暗室2.jpg	31048	26b29ffe718bd38c4076d665371095f2	https://dlcdn1.cgyouxi.com/shareres/26/26b29ffe718bd38c4076d665371095f2
graphics/half/许先生.png	35308	cc49afb56ff0de188bcf1bda4746d8ce	https://dlcdn1.cgyouxi.com/shareres/cc/cc49afb56ff0de188bcf1bda4746d8ce
graphics/half/冷血.png	69050	dc7113abbd8b41c1d5c2e31d9ab8e532	https://dlcdn1.cgyouxi.com/shareres/dc/dc7113abbd8b41c1d5c2e31d9ab8e532
graphics/half/军统章.png	66062	9e7e604c77cdc6f915a8179624abf829	https://dlcdn1.cgyouxi.com/shareres/9e/9e7e604c77cdc6f915a8179624abf829
graphics/half/军统英.png	67617	2f2a3b82cb8c8d2fce7ff9b1ee2fd98a	https://dlcdn1.cgyouxi.com/shareres/2f/2f2a3b82cb8c8d2fce7ff9b1ee2fd98a
graphics/half/红屏.png	208	13dc3ad7552e772ef4444fc10a942d7a	https://dlcdn1.cgyouxi.com/shareres/13/13dc3ad7552e772ef4444fc10a942d7a
graphics/background/暗室2内屋.jpg	53199	1166b168e425c6f85fa60c9ee5cefe98	https://dlcdn1.cgyouxi.com/shareres/11/1166b168e425c6f85fa60c9ee5cefe98
graphics/background/破晓黎明.jpg	77689	21f645b032a5057fbafb74f9e24add6b	https://dlcdn1.cgyouxi.com/shareres/21/21f645b032a5057fbafb74f9e24add6b
audio/se/火焰燃烧.mp3	13725	6c733b309cd74e783a5cfd511a19c229.mp3	https://dlcdn1.cgyouxi.com/shareres/6c/6c733b309cd74e783a5cfd511a19c229.mp3
graphics/half/爆炸.png	733453	34111736023c07dd192653a4d1222086	https://dlcdn1.cgyouxi.com/shareres/34/34111736023c07dd192653a4d1222086
graphics/half/烟雾弥漫.png	148854	be90a2fde601423597140aff3e183a32	https://dlcdn1.cgyouxi.com/shareres/be/be90a2fde601423597140aff3e183a32
graphics/half/神猴.png	59176	61e967f759936c7ea47ed8130e05b702	https://dlcdn1.cgyouxi.com/shareres/61/61e967f759936c7ea47ed8130e05b702
graphics/half/铁手.png	62751	74c2ba597b89ed06a2e3ee47ebce72c2	https://dlcdn1.cgyouxi.com/shareres/74/74c2ba597b89ed06a2e3ee47ebce72c2
graphics/half/眼睛.png	107791	ea6cbbb9f4561353cae9b45ef29950b3	https://dlcdn1.cgyouxi.com/shareres/ea/ea6cbbb9f4561353cae9b45ef29950b3
audio/se/碰撞.mp3	34851	d280f89cdfe8b9d32b43ba1489a7f837.mp3	https://dlcdn1.cgyouxi.com/shareres/d2/d280f89cdfe8b9d32b43ba1489a7f837.mp3
graphics/half/终章.png	9320	19e541458ede21448bb675c37050f956	https://dlcdn1.cgyouxi.com/shareres/19/19e541458ede21448bb675c37050f956
graphics/background/病房.jpg	61215	825dc639dae95de2bd1babc6b36fdd8f	https://dlcdn1.cgyouxi.com/shareres/82/825dc639dae95de2bd1babc6b36fdd8f
audio/se/swing_g1.mp3	7396	a955bb82ddfb0c661575d61c1e35e209.mp3	https://dlcdn1.cgyouxi.com/shareres/a9/a955bb82ddfb0c661575d61c1e35e209.mp3
graphics/half/冈山爱_笑.png	73591	c2d2022487b28288c49881010b91b83e	https://dlcdn1.cgyouxi.com/shareres/c2/c2d2022487b28288c49881010b91b83e
graphics/half/国民党军官.png	60306	d99637d20b33cbb9512f2949ecfeafe2	https://dlcdn1.cgyouxi.com/shareres/d9/d99637d20b33cbb9512f2949ecfeafe2
graphics/background/囚房.jpg	96336	933a28cef350e53ca25b9577ede2ab5e	https://dlcdn1.cgyouxi.com/shareres/93/933a28cef350e53ca25b9577ede2ab5e
graphics/background/处决汉奸.jpg	124375	369ee30bcec321f70e206ec1fcb741c8	https://dlcdn1.cgyouxi.com/shareres/36/369ee30bcec321f70e206ec1fcb741c8
graphics/background/囚房_夜.jpg	35934	cc2c8328a20669a1d9b5591576a9a179	https://dlcdn1.cgyouxi.com/shareres/cc/cc2c8328a20669a1d9b5591576a9a179
graphics/background/最后星光.jpg	116343	f135c7b87a4cfcf4a76c80733a997e36	https://dlcdn1.cgyouxi.com/shareres/f1/f135c7b87a4cfcf4a76c80733a997e36
audio/bgm/一生守候.mp3	2336671	b72f603b1adb36acae8035a21b6de8ae.mp3	https://dlcdn1.cgyouxi.com/shareres/b7/b72f603b1adb36acae8035a21b6de8ae.mp3
graphics/half/张晓梦_最后.png	65223	b61d0f3e30868cdf24a2b00e788846c7	https://dlcdn1.cgyouxi.com/shareres/b6/b61d0f3e30868cdf24a2b00e788846c7
audio/se/爆炸.wav	14490	397c96645353aafbe493a004c4b36b14.mp3	https://dlcdn1.cgyouxi.com/shareres/39/397c96645353aafbe493a004c4b36b14.mp3
graphics/half/张晓梦_最后1.png	62473	32047b757b6ce647366e15db42dea20e	https://dlcdn1.cgyouxi.com/shareres/32/32047b757b6ce647366e15db42dea20e
graphics/background/最后星光1.jpg	204602	b5c30b0673a90325cc37eb061b1e41a3	https://dlcdn1.cgyouxi.com/shareres/b5/b5c30b0673a90325cc37eb061b1e41a3
graphics/background/解放上海.jpg	166534	1e6f2c8281ef04ab394f9778ad3c5d43	https://dlcdn1.cgyouxi.com/shareres/1e/1e6f2c8281ef04ab394f9778ad3c5d43
graphics/background/牢房1.jpg	69559	df345f94b7380f7a9de1c95fb71588e7	https://dlcdn1.cgyouxi.com/shareres/df/df345f94b7380f7a9de1c95fb71588e7
audio/bgm/中华人民共和国国歌.mp3	466470	e796e5a6fc163b69f256ddf8d116c985.mp3	https://dlcdn1.cgyouxi.com/shareres/e7/e796e5a6fc163b69f256ddf8d116c985.mp3
graphics/background/办公室.jpg	73884	a4f4a647bbdd8acf181325ef67819193	https://dlcdn1.cgyouxi.com/shareres/a4/a4f4a647bbdd8acf181325ef67819193
graphics/half/薛梅_得意.png	58759	942e2cc5b8c2191a91da6613de25b677	https://dlcdn1.cgyouxi.com/shareres/94/942e2cc5b8c2191a91da6613de25b677
graphics/half/康兴.png	58388	03af4e6737d0618db9397b0406752719	https://dlcdn1.cgyouxi.com/shareres/03/03af4e6737d0618db9397b0406752719
graphics/half/张爱民_成熟.png	74894	1ac1ae06576a9c1e0aeb2ccaad6340f1	https://dlcdn1.cgyouxi.com/shareres/1a/1ac1ae06576a9c1e0aeb2ccaad6340f1
graphics/background/吴石案.jpg	119061	1d377ca02239605407eab28a3db7f4ef	https://dlcdn1.cgyouxi.com/shareres/1d/1d377ca02239605407eab28a3db7f4ef
audio/bgm/love theme - july.mp3	856823	b28bb0a8c2b0807f863e90402e2bcb7f.mp3	https://dlcdn1.cgyouxi.com/shareres/b2/b28bb0a8c2b0807f863e90402e2bcb7f.mp3
graphics/half/毛戴_最终.png	78366	9fa63a38d59b29d6965f8ae89efb4cd9	https://dlcdn1.cgyouxi.com/shareres/9f/9fa63a38d59b29d6965f8ae89efb4cd9
graphics/half/陆梦茵_最终1.png	52444	87efd478a3bc3ced2453477d5adc9fed	https://dlcdn1.cgyouxi.com/shareres/87/87efd478a3bc3ced2453477d5adc9fed
graphics/half/第二号_最终.png	56118	37e01bdcd626eb6d2e09356b533ce1a6	https://dlcdn1.cgyouxi.com/shareres/37/37e01bdcd626eb6d2e09356b533ce1a6
audio/bgm/yours - july.mp3	1763051	62992276506e6ea8b22de61599b07131.mp3	https://dlcdn1.cgyouxi.com/shareres/62/62992276506e6ea8b22de61599b07131.mp3
graphics/background/雪夜.jpg	137468	44a4e9da1171c0284c6c0b061ef6d2df	https://dlcdn1.cgyouxi.com/shareres/44/44a4e9da1171c0284c6c0b061ef6d2df
graphics/background/延安.jpg	156171	921572f3dbdfe27959013af76f2bbbcf	https://dlcdn1.cgyouxi.com/shareres/92/921572f3dbdfe27959013af76f2bbbcf
graphics/half/红卫兵.png	216431	a8f3ba1d7c51cbcdfa18b904df01f942	https://dlcdn1.cgyouxi.com/shareres/a8/a8f3ba1d7c51cbcdfa18b904df01f942
graphics/background/平常走廊.jpg	79813	a72cce8d7bc9727c41a5cd394818f582	https://dlcdn1.cgyouxi.com/shareres/a7/a72cce8d7bc9727c41a5cd394818f582
graphics/background/大上海.jpg	102799	aeb5dd4031f88c334a9fef33c187b510	https://dlcdn1.cgyouxi.com/shareres/ae/aeb5dd4031f88c334a9fef33c187b510
graphics/background/夜总会办公室.jpg	54969	664f7d718e98b0c780371c454706464e	https://dlcdn1.cgyouxi.com/shareres/66/664f7d718e98b0c780371c454706464e
graphics/half/葛厉锡.png	44820	a0009cb4a4758566ec20d5b18752d2ca	https://dlcdn1.cgyouxi.com/shareres/a0/a0009cb4a4758566ec20d5b18752d2ca
graphics/background/阴暗小巷.jpg	35560	f6c69cbdcbe47c2048a56f3071d9edda	https://dlcdn1.cgyouxi.com/shareres/f6/f6c69cbdcbe47c2048a56f3071d9edda
graphics/background/夜总会酒吧.jpg	134306	144dcf3efc82b9089db312d3962157d9	https://dlcdn1.cgyouxi.com/shareres/14/144dcf3efc82b9089db312d3962157d9
graphics/half/张晓梦_旗袍.png	51577	6816888fa8064134c09db438d9e05c35	https://dlcdn1.cgyouxi.com/shareres/68/6816888fa8064134c09db438d9e05c35
graphics/half/1940-1.png	3436	6d0510be0ba96a2c4d0b77b901798674	https://dlcdn1.cgyouxi.com/shareres/6d/6d0510be0ba96a2c4d0b77b901798674
graphics/half/1940-3.png	3155	df573b55172ffc6643c16e698ee2ef6d	https://dlcdn1.cgyouxi.com/shareres/df/df573b55172ffc6643c16e698ee2ef6d
graphics/half/1940-2.png	1531	640fc3bfb80b179b28c7d99a48c0fe2f	https://dlcdn1.cgyouxi.com/shareres/64/640fc3bfb80b179b28c7d99a48c0fe2f
graphics/half/1940-4.png	5058	9c9b81cdcea2380a4c56cac2907ce2ba	https://dlcdn1.cgyouxi.com/shareres/9c/9c9b81cdcea2380a4c56cac2907ce2ba
graphics/half/1940-5.png	2800	ff8ff7cfc88d33340f9b1652db5e3f30	https://dlcdn1.cgyouxi.com/shareres/ff/ff8ff7cfc88d33340f9b1652db5e3f30
graphics/half/1940-6.png	1423	f19c43499be49ec04512056c29508fa0	https://dlcdn1.cgyouxi.com/shareres/f1/f19c43499be49ec04512056c29508fa0
graphics/half/1940-7.png	3240	564fac2caf6ee4e3b1d602d609c5733d	https://dlcdn1.cgyouxi.com/shareres/56/564fac2caf6ee4e3b1d602d609c5733d
graphics/half/1940-8.png	3507	5a193c523bc1477238e8830e3a84471d	https://dlcdn1.cgyouxi.com/shareres/5a/5a193c523bc1477238e8830e3a84471d
graphics/half/1940-9.png	3797	b64e3172e74ac779ffe15c690616d199	https://dlcdn1.cgyouxi.com/shareres/b6/b64e3172e74ac779ffe15c690616d199
graphics/background/阴暗的家.jpg	42680	c8bc8369b413a61090b13cb55707d533	https://dlcdn1.cgyouxi.com/shareres/c8/c8bc8369b413a61090b13cb55707d533
graphics/half/龙老板.png	54236	7a84ba728b69d156448371173e477d90	https://dlcdn1.cgyouxi.com/shareres/7a/7a84ba728b69d156448371173e477d90
graphics/half/陈老板.png	52474	813ebafa393d8f430c8ad2e7ea4f5b3b	https://dlcdn1.cgyouxi.com/shareres/81/813ebafa393d8f430c8ad2e7ea4f5b3b
graphics/half/黄宝荣.png	60352	c655cc3862a81464adee84bb9f29ea01	https://dlcdn1.cgyouxi.com/shareres/c6/c655cc3862a81464adee84bb9f29ea01
graphics/half/薛梅_礼服.png	52446	2134a104e4dacd01b79643ea9034cc5a	https://dlcdn1.cgyouxi.com/shareres/21/2134a104e4dacd01b79643ea9034cc5a
audio/bgm/amazing grace.mp3	1413419	03b96920047b03bdc9142f3e9e7adf76.mp3	https://dlcdn1.cgyouxi.com/shareres/03/03b96920047b03bdc9142f3e9e7adf76.mp3
graphics/background/明亮走廊.jpg	103686	006251242a3aae2a6b436b81f37e6aec	https://dlcdn1.cgyouxi.com/shareres/00/006251242a3aae2a6b436b81f37e6aec
graphics/half/军统上级.png	154911	914744e38a488e2d10006f26f3cc5319	https://dlcdn1.cgyouxi.com/shareres/91/914744e38a488e2d10006f26f3cc5319
graphics/half/营救失败.png	267435	fcba094c1c31f6f04fb6f2e01ff9a645	https://dlcdn1.cgyouxi.com/shareres/fc/fcba094c1c31f6f04fb6f2e01ff9a645
graphics/background/旧上海滩title.jpg	93112	cf4f19ccac95e3f4fdefa8609a5adbc2	https://dlcdn1.cgyouxi.com/shareres/cf/cf4f19ccac95e3f4fdefa8609a5adbc2
audio/se/挨打.mp3	84418	857107b653704d33c409221fec3ddc95.mp3	https://dlcdn1.cgyouxi.com/shareres/85/857107b653704d33c409221fec3ddc95.mp3
audio/se/发现了什么.mp3	25363	757d01d0f2b31caec881514c83c8389e.mp3	https://dlcdn1.cgyouxi.com/shareres/75/757d01d0f2b31caec881514c83c8389e.mp3
audio/bgm/sanctissima.mp3	2095513	251b0a49ffba3662fc8ba721fb73a814.mp3	https://dlcdn1.cgyouxi.com/shareres/25/251b0a49ffba3662fc8ba721fb73a814.mp3
audio/se/swing_s3.mp3	7396	286a419f1e99abc01003433a8f6f449b.mp3	https://dlcdn1.cgyouxi.com/shareres/28/286a419f1e99abc01003433a8f6f449b.mp3
graphics/half/1942-1.png	3117	4e02d1d83eedc122ca87e507cd030602	https://dlcdn1.cgyouxi.com/shareres/4e/4e02d1d83eedc122ca87e507cd030602
graphics/half/1942-2.png	4261	04d603e2d6813d7751b28099c9bcb587	https://dlcdn1.cgyouxi.com/shareres/04/04d603e2d6813d7751b28099c9bcb587
graphics/half/1942-3.png	4444	cbe2e832d4dd1edd0d3475ebc143b122	https://dlcdn1.cgyouxi.com/shareres/cb/cbe2e832d4dd1edd0d3475ebc143b122
graphics/half/1942-4.png	5822	88b9d70f41812a1fcc0c487035f8ada7	https://dlcdn1.cgyouxi.com/shareres/88/88b9d70f41812a1fcc0c487035f8ada7
graphics/half/1942-5.png	6145	7bb63f66902c165400c49ba3252144a5	https://dlcdn1.cgyouxi.com/shareres/7b/7bb63f66902c165400c49ba3252144a5
graphics/half/1942-6.png	3235	16c076075447e15075c44d93247f3c56	https://dlcdn1.cgyouxi.com/shareres/16/16c076075447e15075c44d93247f3c56
graphics/half/1942-7.png	4029	74161f49eded54d4bee797ad501f068d	https://dlcdn1.cgyouxi.com/shareres/74/74161f49eded54d4bee797ad501f068d
graphics/half/1942-8.png	3040	a4159cbd58c72657e760aa52d77f34bc	https://dlcdn1.cgyouxi.com/shareres/a4/a4159cbd58c72657e760aa52d77f34bc
graphics/half/1942-9.png	4118	ef37cedddca8cb610a22a4b76971d473	https://dlcdn1.cgyouxi.com/shareres/ef/ef37cedddca8cb610a22a4b76971d473
graphics/half/1942-10.png	1964	b88d5baef977accc74be2b1566001220	https://dlcdn1.cgyouxi.com/shareres/b8/b88d5baef977accc74be2b1566001220
graphics/background/雷老板家中.jpg	161468	69d220829616ba95db65dbd3f26419e3	https://dlcdn1.cgyouxi.com/shareres/69/69d220829616ba95db65dbd3f26419e3
graphics/half/第二号.png	51490	d4ce529e92e62eacb4879860a13feb6c	https://dlcdn1.cgyouxi.com/shareres/d4/d4ce529e92e62eacb4879860a13feb6c
graphics/half/电话.png	62426	2d9d88c0c1bd001b4fc24692c23bded7	https://dlcdn1.cgyouxi.com/shareres/2d/2d9d88c0c1bd001b4fc24692c23bded7
graphics/half/野田_便装.png	51288	626155b478d26e024cbd10947176da26	https://dlcdn1.cgyouxi.com/shareres/62/626155b478d26e024cbd10947176da26
graphics/half/陆梦茵.png	45697	c9145111ff0f5c235df807ecef0d0f11	https://dlcdn1.cgyouxi.com/shareres/c9/c9145111ff0f5c235df807ecef0d0f11
graphics/background/大海夜空.jpg	37959	f56f16c053c7558e35abc48d7944d028	https://dlcdn1.cgyouxi.com/shareres/f5/f56f16c053c7558e35abc48d7944d028
graphics/background/日本接待.jpg	67910	f8038f85bfcb3c78fba0cc2b1374f7f3	https://dlcdn1.cgyouxi.com/shareres/f8/f8038f85bfcb3c78fba0cc2b1374f7f3
audio/se/环境-喧闹2.mp3	241252	f5e515ba8cd22954638e64c8e6001e60.mp3	https://dlcdn1.cgyouxi.com/shareres/f5/f5e515ba8cd22954638e64c8e6001e60.mp3
graphics/background/树林.jpg	145428	48e2e7c66874ef012b7e2efc0f38a9b4	https://dlcdn1.cgyouxi.com/shareres/48/48e2e7c66874ef012b7e2efc0f38a9b4
graphics/background/白屏.png	208	91e0f7e23f52918661d10b1b90b9d221	https://dlcdn1.cgyouxi.com/shareres/91/91e0f7e23f52918661d10b1b90b9d221
graphics/background/happy end.jpg	48235	03d611ee48415ab9a2edf6d47d82cf1a	https://dlcdn1.cgyouxi.com/shareres/03/03d611ee48415ab9a2edf6d47d82cf1a
graphics/background/白天小巷.jpg	124950	5d4ec315a9a1ff76bc19d861bd987e3e	https://dlcdn1.cgyouxi.com/shareres/5d/5d4ec315a9a1ff76bc19d861bd987e3e
graphics/half/李岸大.png	35801	1388b2f94778b40118e775df7ff0d929	https://dlcdn1.cgyouxi.com/shareres/13/1388b2f94778b40118e775df7ff0d929
graphics/half/猪肉漆.png	35383	26615f001288c5f091d9f381d191111f	https://dlcdn1.cgyouxi.com/shareres/26/26615f001288c5f091d9f381d191111f
graphics/half/瞎子仁.png	41273	9069bdb557ca57773e6ae2afe111e7e2	https://dlcdn1.cgyouxi.com/shareres/90/9069bdb557ca57773e6ae2afe111e7e2
graphics/half/张晓梦_受伤.png	56460	497a25af5842ee6134a7db115a7d651c	https://dlcdn1.cgyouxi.com/shareres/49/497a25af5842ee6134a7db115a7d651c
graphics/half/陆梦茵正常.png	52327	ca5688a513c3cad48c74e551ea6b9d30	https://dlcdn1.cgyouxi.com/shareres/ca/ca5688a513c3cad48c74e551ea6b9d30
graphics/half/1943_1.png	2279	7b0b1f2692423a645db0c407673b56e6	https://dlcdn1.cgyouxi.com/shareres/7b/7b0b1f2692423a645db0c407673b56e6
graphics/half/1943_2.png	2609	006d82aefdd45da147124b7b54914742	https://dlcdn1.cgyouxi.com/shareres/00/006d82aefdd45da147124b7b54914742
graphics/half/1943_3.png	1706	01f2dfa930414641b4793bb2c46dfeb2	https://dlcdn1.cgyouxi.com/shareres/01/01f2dfa930414641b4793bb2c46dfeb2
graphics/half/第五章.png	11797	859816cc262f59541cf826d98b6f012f	https://dlcdn1.cgyouxi.com/shareres/85/859816cc262f59541cf826d98b6f012f
audio/se/烟火.mp3	44181	a8713c2061ed7dba95651d8202b6c26c.mp3	https://dlcdn1.cgyouxi.com/shareres/a8/a8713c2061ed7dba95651d8202b6c26c.mp3
graphics/background/烟花夜空.jpg	155187	cde43805b32043a5c725877c1e7d396e	https://dlcdn1.cgyouxi.com/shareres/cd/cde43805b32043a5c725877c1e7d396e
graphics/half/安四贤_光明.png	54506	63d72e9533a78722ae7c093365a91e6d	https://dlcdn1.cgyouxi.com/shareres/63/63d72e9533a78722ae7c093365a91e6d
graphics/half/胡心竹.png	42459	ec3a51199f5ad8a4d81281f9ed0ed00c	https://dlcdn1.cgyouxi.com/shareres/ec/ec3a51199f5ad8a4d81281f9ed0ed00c
graphics/half/洪恩山.png	63335	ab90623ffefc1f24ed9159308990c970	https://dlcdn1.cgyouxi.com/shareres/ab/ab90623ffefc1f24ed9159308990c970
graphics/half/王思凡.png	62394	804e77cce3f3f4aeadd874d731cb047e	https://dlcdn1.cgyouxi.com/shareres/80/804e77cce3f3f4aeadd874d731cb047e
graphics/half/结婚对象1.png	89090	0d5280b00f41970542427117066f2d53	https://dlcdn1.cgyouxi.com/shareres/0d/0d5280b00f41970542427117066f2d53
graphics/half/结婚对象2.png	82686	7944b5db5755687bfe5e3df36fbd99ec	https://dlcdn1.cgyouxi.com/shareres/79/7944b5db5755687bfe5e3df36fbd99ec
audio/se/女人尖叫.mp3	296358	882fc92de779b2fcec28ffb513a788ec.mp3	https://dlcdn1.cgyouxi.com/shareres/88/882fc92de779b2fcec28ffb513a788ec.mp3
graphics/half/薛梅_最终.png	58559	d2eac11583a5aed75f43f95efe458c77	https://dlcdn1.cgyouxi.com/shareres/d2/d2eac11583a5aed75f43f95efe458c77
graphics/background/公审大会.jpg	145079	dca3adae07343ab08bb77e6ab5799b80	https://dlcdn1.cgyouxi.com/shareres/dc/dca3adae07343ab08bb77e6ab5799b80
audio/se/欢呼.mp3	33296	f98acaaab9d35b43c2bfe747afaed7a8.mp3	https://dlcdn1.cgyouxi.com/shareres/f9/f98acaaab9d35b43c2bfe747afaed7a8.mp3
graphics/half/薛梅_公审.png	86317	43c8f372af718e78e6dd607d85cafa96	https://dlcdn1.cgyouxi.com/shareres/43/43c8f372af718e78e6dd607d85cafa96
graphics/half/公审女.png	65420	aad8e10cd406ac855cc3cea4e3c52a11	https://dlcdn1.cgyouxi.com/shareres/aa/aad8e10cd406ac855cc3cea4e3c52a11
graphics/half/薛梅_屈辱.png	83231	b58eeb752e7c12f7f68798c96d9c010b	https://dlcdn1.cgyouxi.com/shareres/b5/b58eeb752e7c12f7f68798c96d9c010b
graphics/half/公审男.png	58419	9602276f864fc0c04ff88c4c67617b9c	https://dlcdn1.cgyouxi.com/shareres/96/9602276f864fc0c04ff88c4c67617b9c
graphics/background/壮美前程.jpg	73148	d60fc8240f580be351578aec3786ce8e	https://dlcdn1.cgyouxi.com/shareres/d6/d60fc8240f580be351578aec3786ce8e
graphics/half/安四贤_阴暗.png	50515	d0a197bcabb3fb8772f10e1311647890	https://dlcdn1.cgyouxi.com/shareres/d0/d0a197bcabb3fb8772f10e1311647890
graphics/background/安四贤家.jpg	116425	74d18414e9d4f13d0e63ebecbe4b135a	https://dlcdn1.cgyouxi.com/shareres/74/74d18414e9d4f13d0e63ebecbe4b135a
graphics/half/阿春.png	107974	50d8bd3f9cf508f02e8b56d42227d299	https://dlcdn1.cgyouxi.com/shareres/50/50d8bd3f9cf508f02e8b56d42227d299
audio/bgm/久石让 - 人生的回转木马.mp3	2506083	16ba17d366d8e0e68d9a30dbf1b1a1df.mp3	https://dlcdn1.cgyouxi.com/shareres/16/16ba17d366d8e0e68d9a30dbf1b1a1df.mp3
graphics/half/洪义海.png	63225	877cb1e29cb04542de4abc4eff384f07	https://dlcdn1.cgyouxi.com/shareres/87/877cb1e29cb04542de4abc4eff384f07
graphics/half/洪三.png	85159	8acae0c5246245f306072007ec62e720	https://dlcdn1.cgyouxi.com/shareres/8a/8acae0c5246245f306072007ec62e720
graphics/background/门外.jpg	62065	fe910ccb2970a12568d803185e167d6f	https://dlcdn1.cgyouxi.com/shareres/fe/fe910ccb2970a12568d803185e167d6f
graphics/half/呈现香皂.png	32467	b5a6b5071579b8c30d022c288d4448fe	https://dlcdn1.cgyouxi.com/shareres/b5/b5a6b5071579b8c30d022c288d4448fe
graphics/half/冈山雄二_暴走大.png	76646	a0f1c90b15022175ab19a5202f7a60fb	https://dlcdn1.cgyouxi.com/shareres/a0/a0f1c90b15022175ab19a5202f7a60fb
graphics/background/死胡同.jpg	73773	0bde815c2187f2d7fbfbb1e5e0b08672	https://dlcdn1.cgyouxi.com/shareres/0b/0bde815c2187f2d7fbfbb1e5e0b08672
graphics/half/许先生替身.png	35681	9ae68e1119eadf0ed2f4286bdda8a389	https://dlcdn1.cgyouxi.com/shareres/9a/9ae68e1119eadf0ed2f4286bdda8a389
graphics/half/朱风.png	44766	af1d1a9daafbb9dfb17a24a61c4462a8	https://dlcdn1.cgyouxi.com/shareres/af/af1d1a9daafbb9dfb17a24a61c4462a8
graphics/background/埋尸郊外.png	309016	ed890b14a7c2d8d56165be92f378747b	https://dlcdn1.cgyouxi.com/shareres/ed/ed890b14a7c2d8d56165be92f378747b
audio/se/心跳.mp3	8860	e0e966bb10792e3a1447ea72b23cb460.mp3	https://dlcdn1.cgyouxi.com/shareres/e0/e0e966bb10792e3a1447ea72b23cb460.mp3
audio/bgm/snow rain - july.mp3	1681853	5653cff7f9d466c9daf992bc0efd1673.mp3	https://dlcdn1.cgyouxi.com/shareres/56/5653cff7f9d466c9daf992bc0efd1673.mp3
graphics/half/游行的回忆1.png	408559	fe942a609e2b439719f85e50f7e34fe3	https://dlcdn1.cgyouxi.com/shareres/fe/fe942a609e2b439719f85e50f7e34fe3
audio/bgm/rhapsody - july.mp3	1681083	c7cc7ece1866a66d9e624ce97aa76a47.mp3	https://dlcdn1.cgyouxi.com/shareres/c7/c7cc7ece1866a66d9e624ce97aa76a47.mp3
graphics/background/橙娘之家.jpg	150797	8f539b5ab635d44741460c440feab498	https://dlcdn1.cgyouxi.com/shareres/8f/8f539b5ab635d44741460c440feab498
graphics/half/橙娘.png	47084	8db493e06a0ee3ca36e2191ca9a57f0a	https://dlcdn1.cgyouxi.com/shareres/8d/8db493e06a0ee3ca36e2191ca9a57f0a
graphics/half/无情.png	66336	1fc22c22f3ff5d0b213fb1a62c9acde9	https://dlcdn1.cgyouxi.com/shareres/1f/1fc22c22f3ff5d0b213fb1a62c9acde9
graphics/half/洪夫人.png	53213	1a225d7d35189be1e7edd8300a9408a9	https://dlcdn1.cgyouxi.com/shareres/1a/1a225d7d35189be1e7edd8300a9408a9
graphics/half/朵朵.png	129685	de04e067bfd339096f19343be2150d2b	https://dlcdn1.cgyouxi.com/shareres/de/de04e067bfd339096f19343be2150d2b
audio/bgm/faraway.mp3	2500901	515a02605095ddb7ebc4d9baa97f58c8.mp3	https://dlcdn1.cgyouxi.com/shareres/51/515a02605095ddb7ebc4d9baa97f58c8.mp3
graphics/background/老上海_白天.png	338714	af0b383c27197af071de9e3bb9284110	https://dlcdn1.cgyouxi.com/shareres/af/af0b383c27197af071de9e3bb9284110
graphics/background/白天无人小巷.jpg	143628	5c7d3df8214d0d5013100892c22692e6	https://dlcdn1.cgyouxi.com/shareres/5c/5c7d3df8214d0d5013100892c22692e6
graphics/half/乞丐.png	51407	fe92fc44f3bbe3107540a1f3a6c2554f	https://dlcdn1.cgyouxi.com/shareres/fe/fe92fc44f3bbe3107540a1f3a6c2554f
graphics/background/安四贤家_背景0.jpg	129316	3caa7a446d6f8bb308b8bac577e7ff13	https://dlcdn1.cgyouxi.com/shareres/3c/3caa7a446d6f8bb308b8bac577e7ff13
graphics/background/卧室.jpg	120753	f793f4ef8823fcc1b01b0da2d633adab	https://dlcdn1.cgyouxi.com/shareres/f7/f793f4ef8823fcc1b01b0da2d633adab
graphics/background/书架初始.jpg	165711	ce77b7daeb772488297ffc6ca6bcc7b2	https://dlcdn1.cgyouxi.com/shareres/ce/ce77b7daeb772488297ffc6ca6bcc7b2
graphics/background/安四贤家_背景.jpg	130087	26548b4e603e370d9fb8feb4f65be4fc	https://dlcdn1.cgyouxi.com/shareres/26/26548b4e603e370d9fb8feb4f65be4fc
graphics/half/香皂_最终.png	17007	75d5aacc59e5166c52a75d66d8371730	https://dlcdn1.cgyouxi.com/shareres/75/75d5aacc59e5166c52a75d66d8371730
graphics/half/暗语.png	53618	3adb6a29f6a848e4a3236e2bb8f67238	https://dlcdn1.cgyouxi.com/shareres/3a/3adb6a29f6a848e4a3236e2bb8f67238
graphics/half/暗语1.png	61533	17105d2412cc41fd385a58d2adc26302	https://dlcdn1.cgyouxi.com/shareres/17/17105d2412cc41fd385a58d2adc26302
graphics/background/书架变化.jpg	148561	4a7417c541d4a95831b20b250682f99d	https://dlcdn1.cgyouxi.com/shareres/4a/4a7417c541d4a95831b20b250682f99d
graphics/background/恐怖房间.jpg	119051	1a80d877c00d498f16fd1bd9f22376b3	https://dlcdn1.cgyouxi.com/shareres/1a/1a80d877c00d498f16fd1bd9f22376b3
graphics/half/阿春2.png	113747	99ebe244393477f49d894d0e848b9d4b	https://dlcdn1.cgyouxi.com/shareres/99/99ebe244393477f49d894d0e848b9d4b
graphics/half/冈山雄二_大.png	84224	4c8ba1ce466bf5d492d8883d550cbd8d	https://dlcdn1.cgyouxi.com/shareres/4c/4c8ba1ce466bf5d492d8883d550cbd8d
graphics/background/老上海_黄昏.png	338460	e1cfb24c3ba13f116da70002f5b5abf5	https://dlcdn1.cgyouxi.com/shareres/e1/e1cfb24c3ba13f116da70002f5b5abf5
graphics/half/陆梦茵_最终.png	52070	d7f86c66a920fe89e5b79663e8edbacd	https://dlcdn1.cgyouxi.com/shareres/d7/d7f86c66a920fe89e5b79663e8edbacd
audio/bgm/somewhere - july.mp3	1668039	ec8558ce4661cea166be36f15b96bc64.mp3	https://dlcdn1.cgyouxi.com/shareres/ec/ec8558ce4661cea166be36f15b96bc64.mp3
graphics/half/白屏.png	208	91e0f7e23f52918661d10b1b90b9d221	https://dlcdn1.cgyouxi.com/shareres/91/91e0f7e23f52918661d10b1b90b9d221
graphics/half/final1.png	2149	e27d0d3a5d32676365865059095d8d90	https://dlcdn1.cgyouxi.com/shareres/e2/e27d0d3a5d32676365865059095d8d90
graphics/half/final2.png	4131	4bea3056636df2dc4086d868fd8092d0	https://dlcdn1.cgyouxi.com/shareres/4b/4bea3056636df2dc4086d868fd8092d0
graphics/half/final3.png	7995	819081e140d9097df13c0d8dc340c0ee	https://dlcdn1.cgyouxi.com/shareres/81/819081e140d9097df13c0d8dc340c0ee
graphics/half/final4.png	2998	2c3c6a90f92e23a4b70f0e8dfc2a9acd	https://dlcdn1.cgyouxi.com/shareres/2c/2c3c6a90f92e23a4b70f0e8dfc2a9acd
graphics/half/final5.png	2214	a65fc2b7e7e1f9c7c6414586b11bcc68	https://dlcdn1.cgyouxi.com/shareres/a6/a65fc2b7e7e1f9c7c6414586b11bcc68
graphics/half/final6.png	4490	b5b9e7c90cc0df2b01f190c08b1b2f4d	https://dlcdn1.cgyouxi.com/shareres/b5/b5b9e7c90cc0df2b01f190c08b1b2f4d
graphics/half/final7.png	2228	bb83b16e5e7b49e49de6ef284034abad	https://dlcdn1.cgyouxi.com/shareres/bb/bb83b16e5e7b49e49de6ef284034abad
graphics/half/final8.png	4056	1e5de0fc4f25e71c01dd009ae2b7f31c	https://dlcdn1.cgyouxi.com/shareres/1e/1e5de0fc4f25e71c01dd009ae2b7f31c
graphics/half/final9.png	2245	3eef0e45860d36e2aedfc391ce546c17	https://dlcdn1.cgyouxi.com/shareres/3e/3eef0e45860d36e2aedfc391ce546c17
graphics/half/final10.png	3851	5feef262f24cad4390290dd58534ebd8	https://dlcdn1.cgyouxi.com/shareres/5f/5feef262f24cad4390290dd58534ebd8
graphics/background/劳改场1.jpg	187727	f9364f3029b59e5616b9adadaae231a4	https://dlcdn1.cgyouxi.com/shareres/f9/f9364f3029b59e5616b9adadaae231a4
graphics/half/副场长.png	68224	5a9830d757cf87351e9810f62d3cfe5e	https://dlcdn1.cgyouxi.com/shareres/5a/5a9830d757cf87351e9810f62d3cfe5e
graphics/half/场长儿子.png	55266	b4feb157398c1c7a8f6ca1e1918073a1	https://dlcdn1.cgyouxi.com/shareres/b4/b4feb157398c1c7a8f6ca1e1918073a1
audio/bgm/july0.mp3	1479853	d818140a80d1fc0fda2eabe3818a6bbc.mp3	https://dlcdn1.cgyouxi.com/shareres/d8/d818140a80d1fc0fda2eabe3818a6bbc.mp3
graphics/half/报幕1.png	4907	95e42acedbbe480d4606d3278948c7df	https://dlcdn1.cgyouxi.com/shareres/95/95e42acedbbe480d4606d3278948c7df
graphics/background/东京塔.jpg	95402	d669d5df43754bc38a98ae7f936d916f	https://dlcdn1.cgyouxi.com/shareres/d6/d669d5df43754bc38a98ae7f936d916f
graphics/half/时代的谎言.png	39422	276fa15a8f91aa7b2ad003f425b78d06	https://dlcdn1.cgyouxi.com/shareres/27/276fa15a8f91aa7b2ad003f425b78d06
graphics/half/报幕2.png	3716	7754e43a536462776d194f7f86b31139	https://dlcdn1.cgyouxi.com/shareres/77/7754e43a536462776d194f7f86b31139
graphics/background/华人餐馆.jpg	90041	ac852e05ba37444821c193ca54714855	https://dlcdn1.cgyouxi.com/shareres/ac/ac852e05ba37444821c193ca54714855
graphics/half/明信片.png	119678	aa8c4f63ba1dbb5493163b5e5d013f23	https://dlcdn1.cgyouxi.com/shareres/aa/aa8c4f63ba1dbb5493163b5e5d013f23
graphics/half/报幕3.png	2812	425fe8326ca62cb4e22f2963eb691a6c	https://dlcdn1.cgyouxi.com/shareres/42/425fe8326ca62cb4e22f2963eb691a6c
graphics/half/康兴_卒.png	154973	45643a0674d9bada1b9c4134081013f8	https://dlcdn1.cgyouxi.com/shareres/45/45643a0674d9bada1b9c4134081013f8
graphics/background/冬之天空.jpg	335449	0c8d1e74ee47727d7dbbed72133c8cd5	https://dlcdn1.cgyouxi.com/shareres/0c/0c8d1e74ee47727d7dbbed72133c8cd5
graphics/background/劳改场2.jpg	177250	c8012d0c5a8ca44f29e2c732370f36c2	https://dlcdn1.cgyouxi.com/shareres/c8/c8012d0c5a8ca44f29e2c732370f36c2
graphics/half/张爱民_老年.png	69565	845c519a22076fe95fa6b538b0af026d	https://dlcdn1.cgyouxi.com/shareres/84/845c519a22076fe95fa6b538b0af026d
audio/bgm/xinshu.mp3	2186799	865dfbf10f3fb0a3940d1a780cbed739.mp3	https://dlcdn1.cgyouxi.com/shareres/86/865dfbf10f3fb0a3940d1a780cbed739.mp3
graphics/half/报幕4.png	6916	4cadc11bc197d5067fd80cfb4612b074	https://dlcdn1.cgyouxi.com/shareres/4c/4cadc11bc197d5067fd80cfb4612b074
graphics/half/报幕终.png	3097	ee50aa3ff0873adf59918f41df7845e7	https://dlcdn1.cgyouxi.com/shareres/ee/ee50aa3ff0873adf59918f41df7845e7
graphics/other/cg_柳丁2.png	345546	74efc6f47e7c7c195ecadc19e3e6acc1	https://dlcdn1.cgyouxi.com/shareres/74/74efc6f47e7c7c195ecadc19e3e6acc1
